,ds,trend,yhat_lower,yhat_upper,trend_lower,trend_upper,additive_terms,additive_terms_lower,additive_terms_upper,weekly,weekly_lower,weekly_upper,yearly,yearly_lower,yearly_upper,multiplicative_terms,multiplicative_terms_lower,multiplicative_terms_upper,yhat
0,2021-07-01,657.7386001642518,-167.96326012226916,1315.0542474307313,657.3495913315742,658.5936426651692,-97.35616316360453,-97.35616316360453,-97.35616316360453,-4.634685224777071,-4.634685224777071,-4.634685224777071,-92.72147793882745,-92.72147793882745,-92.72147793882745,0.0,0.0,0.0,560.3824370006473
1,2021-07-02,659.2088285664681,-190.22590143303924,1268.0434339366113,658.6186525036256,660.2659933272978,-120.78324610397854,-120.78324610397854,-120.78324610397854,-23.069250390536535,-23.069250390536535,-23.069250390536535,-97.71399571344197,-97.71399571344197,-97.71399571344197,0.0,0.0,0.0,538.4255824624896
2,2021-07-03,660.6790569686841,-137.9669489911082,1375.7525890934298,659.7788612184697,661.9384434069271,-29.34310911017016,-29.34310911017016,-29.34310911017016,73.4236884135933,73.4236884135933,73.4236884135933,-102.76679752376344,-102.76679752376344,-102.76679752376344,0.0,0.0,0.0,631.3359478585139
3,2021-07-04,662.1492853708997,-66.64674139452603,1364.1121685104956,660.9730579876169,663.6592812881347,-34.404453629633785,-34.404453629633785,-34.404453629633785,73.36118910192589,73.36118910192589,73.36118910192589,-107.76564273155967,-107.76564273155967,-107.76564273155967,0.0,0.0,0.0,627.744831741266
4,2021-07-05,663.6195137731161,-230.05573411027027,1306.8278742083876,661.9929262159334,665.557111160744,-134.84786656542497,-134.84786656542497,-134.84786656542497,-22.2529425380886,-22.2529425380886,-22.2529425380886,-112.5949240273364,-112.5949240273364,-112.5949240273364,0.0,0.0,0.0,528.7716472076911
5,2021-07-06,665.0897421753322,-217.65528015556518,1275.987952166892,663.1050267906297,667.3883347177033,-155.6132242301124,-155.6132242301124,-155.6132242301124,-38.47269219207028,-38.47269219207028,-38.47269219207028,-117.14053203804211,-117.14053203804211,-117.14053203804211,0.0,0.0,0.0,509.47651794521977
6,2021-07-07,666.5599705775485,-341.4678906986666,1195.9872806831088,664.1879309509268,669.2313912085939,-179.64795313715183,-179.64795313715183,-179.64795313715183,-58.35530717006957,-58.35530717006957,-58.35530717006957,-121.2926459670823,-121.2926459670823,-121.2926459670823,0.0,0.0,0.0,486.91201744039665
7,2021-07-08,668.0301989797645,-243.57025345677818,1312.374344464935,665.1456922198857,671.0649886865152,-129.58306182164506,-129.58306182164506,-129.58306182164506,-4.634685224786967,-4.634685224786967,-4.634685224786967,-124.94837659685807,-124.94837659685807,-124.94837659685807,0.0,0.0,0.0,538.4471371581194
8,2021-07-09,669.5004273819808,-231.714863158458,1260.6468969034313,666.1123451546764,672.9555503689148,-151.08344365867273,-151.08344365867273,-151.08344365867273,-23.069250390582663,-23.069250390582663,-23.069250390582663,-128.01419326809008,-128.01419326809008,-128.01419326809008,0.0,0.0,0.0,518.416983723308
9,2021-07-10,670.9706557841968,-124.93458523438476,1392.3224279665617,667.0889756948939,674.8798908928587,-56.98438516146726,-56.98438516146726,-56.98438516146726,73.42368841344701,73.42368841344701,73.42368841344701,-130.40807357491428,-130.40807357491428,-130.40807357491428,0.0,0.0,0.0,613.9862706227295
10,2021-07-11,672.4408841864127,-77.0124805241501,1352.8575316499953,668.2722398726165,676.8996936631929,-58.70013415367007,-58.70013415367007,-58.70013415367007,73.3611891017563,73.3611891017563,73.3611891017563,-132.06132325542637,-132.06132325542637,-132.06132325542637,0.0,0.0,0.0,613.7407500327427
11,2021-07-12,673.9111125886288,-158.7756368917416,1325.532912513892,669.3698104448563,678.7399593296635,-155.17296637572062,-155.17296637572062,-155.17296637572062,-22.252942538187146,-22.252942538187146,-22.252942538187146,-132.92002383753348,-132.92002383753348,-132.92002383753348,0.0,0.0,0.0,518.7381462129082
12,2021-07-13,675.3813409908448,-196.25478004764724,1228.472007345158,670.6210520813516,680.7374333756849,-171.41876890806188,-171.41876890806188,-171.41876890806188,-38.47269219204682,-38.47269219204682,-38.47269219204682,-132.94607671601503,-132.94607671601503,-132.94607671601503,0.0,0.0,0.0,503.9625720827829
13,2021-07-14,676.8515693930611,-253.04061875505968,1228.4967541545618,671.7460121369015,682.6872387689066,-190.473131320776,-190.473131320776,-190.473131320776,-58.355307170155356,-58.355307170155356,-58.355307170155356,-132.11782415062063,-132.11782415062063,-132.11782415062063,0.0,0.0,0.0,486.3784380722851
14,2021-07-15,678.3217977952771,-230.15198387800933,1310.1595991729957,672.8539589669992,684.544815731432,-135.06492506610476,-135.06492506610476,-135.06492506610476,-4.634685224753483,-4.634685224753483,-4.634685224753483,-130.4302398413513,-130.4302398413513,-130.4302398413513,0.0,0.0,0.0,543.2568727291723
15,2021-07-16,679.7920261974934,-244.06257840198802,1324.24996708263,673.8369573630135,686.4992187796687,-150.96394428654384,-150.96394428654384,-150.96394428654384,-23.0692503904072,-23.0692503904072,-23.0692503904072,-127.89469389613663,-127.89469389613663,-127.89469389613663,0.0,0.0,0.0,528.8280819109495
16,2021-07-17,681.2622545997094,-83.49064080606898,1361.2714895184167,674.4561341865585,688.4284824499338,-51.11462039792425,-51.11462039792425,-51.11462039792425,73.42368841361255,73.42368841361255,73.42368841361255,-124.5383088115368,-124.5383088115368,-124.5383088115368,0.0,0.0,0.0,630.1476342017852
17,2021-07-18,682.7324830019254,-123.07480933238257,1362.843726280577,675.3569845721732,690.4015956634494,-47.041745097120376,-47.041745097120376,-47.041745097120376,73.36118910192698,73.36118910192698,73.36118910192698,-120.40293419904735,-120.40293419904735,-120.40293419904735,0.0,0.0,0.0,635.690737904805
18,2021-07-19,684.2027114041415,-197.59823101368102,1286.7343240877804,676.3278292077612,692.4157839126539,-137.7967206383531,-137.7967206383531,-137.7967206383531,-22.25294253793183,-22.25294253793183,-22.25294253793183,-115.54377810042125,-115.54377810042125,-115.54377810042125,0.0,0.0,0.0,546.4059907657884
19,2021-07-20,685.6729398063578,-219.0785876162752,1304.8770628429356,677.1571285352869,694.3846544963235,-148.50043375744258,-148.50043375744258,-148.50043375744258,-38.472692192124725,-38.472692192124725,-38.472692192124725,-110.02774156531784,-110.02774156531784,-110.02774156531784,0.0,0.0,0.0,537.1725060489152
20,2021-07-21,687.1431682085738,-233.45899728164517,1291.756371574273,678.0182111321807,696.7977537507804,-162.28681764778608,-162.28681764778608,-162.28681764778608,-58.35530717014522,-58.35530717014522,-58.35530717014522,-103.93151047764086,-103.93151047764086,-103.93151047764086,0.0,0.0,0.0,524.8563505607877
21,2021-07-22,688.6133966107898,-131.24419071469802,1303.3726987342588,679.0091631831739,698.7268414586608,-101.97414944951232,-101.97414944951232,-101.97414944951232,-4.634685224719629,-4.634685224719629,-4.634685224719629,-97.3394642247927,-97.3394642247927,-97.3394642247927,0.0,0.0,0.0,586.6392471612775
22,2021-07-23,690.0836250130061,-232.92423919863862,1329.2570219146592,679.9126541128906,700.6349943693448,-113.4107149592716,-113.4107149592716,-113.4107149592716,-23.069250390453323,-23.069250390453323,-23.069250390453323,-90.34146456881828,-90.34146456881828,-90.34146456881828,0.0,0.0,0.0,576.6729100537345
23,2021-07-24,691.5538534152219,-130.62913542941507,1412.2072069960388,680.4257380211134,702.6579832757265,-9.606901509705827,-9.606901509705827,-9.606901509705827,73.42368841362217,73.42368841362217,73.42368841362217,-83.030589923328,-83.030589923328,-83.030589923328,0.0,0.0,0.0,681.946951905516
24,2021-07-25,693.0240818174382,-99.91489621463032,1440.2817362353405,681.391753281205,704.6985603603185,-2.139691035243701,-2.139691035243701,-2.139691035243701,73.36118910196768,73.36118910196768,73.36118910196768,-75.50088013721137,-75.50088013721137,-75.50088013721137,0.0,0.0,0.0,690.8843907821945
25,2021-07-26,694.4943102196542,-163.53720640122765,1339.6457191699037,682.1342025049206,706.8095635980449,-90.09809741535595,-90.09809741535595,-90.09809741535595,-22.252942537879715,-22.252942537879715,-22.252942537879715,-67.84515487747625,-67.84515487747625,-67.84515487747625,0.0,0.0,0.0,604.3962128042982
26,2021-07-27,695.9645386218705,-109.8718221844334,1315.9756269115173,682.9391501343108,708.9339596443677,-98.62565706675001,-98.62565706675001,-98.62565706675001,-38.47269219199991,-38.47269219199991,-38.47269219199991,-60.152964874750104,-60.152964874750104,-60.152964874750104,0.0,0.0,0.0,597.3388815551205
27,2021-07-28,697.4347670240865,-133.43952397272514,1359.1195872146334,683.9223612376377,710.8692243355559,-110.86403696377697,-110.86403696377697,-110.86403696377697,-58.355307170103096,-58.355307170103096,-58.355307170103096,-52.508729793673865,-52.508729793673865,-52.508729793673865,0.0,0.0,0.0,586.5707300603095
28,2021-07-29,698.9049954263024,-70.07647678852396,1399.1729466173156,684.8216087873009,712.982953215901,-49.62479473174168,-49.62479473174168,-49.62479473174168,-4.634685224773263,-4.634685224773263,-4.634685224773263,-44.99010950696841,-44.99010950696841,-44.99010950696841,0.0,0.0,0.0,649.2802006945608
29,2021-08-01,703.3156806329508,13.337656276072817,1454.581431127766,687.0371215629526,719.1142519629722,49.52441367903661,49.52441367903661,49.52441367903661,73.36118910196822,73.36118910196822,73.36118910196822,-23.836775422931606,-23.836775422931606,-23.836775422931606,0.0,0.0,0.0,752.8400943119874
30,2021-08-02,704.7859090351668,-78.86839686982837,1388.3327572938297,687.8348886466379,721.1182132900096,-39.67392538649494,-39.67392538649494,-39.67392538649494,-22.252942538128938,-22.252942538128938,-22.252942538128938,-17.420982848366005,-17.420982848366005,-17.420982848366005,0.0,0.0,0.0,665.1119836486719
31,2021-08-03,706.2561374373831,-124.22241089285076,1426.592470463018,688.9043095091533,723.0532783967758,-49.853793756689726,-49.853793756689726,-49.853793756689726,-38.47269219207781,-38.47269219207781,-38.47269219207781,-11.381101564611907,-11.381101564611907,-11.381101564611907,0.0,0.0,0.0,656.4023436806934
32,2021-08-04,707.7263658395991,-57.50763797521889,1415.82286274795,689.7778556384303,724.9743418364235,-64.09205688086139,-64.09205688086139,-64.09205688086139,-58.35530717012494,-58.35530717012494,-58.35530717012494,-5.736749710736453,-5.736749710736453,-5.736749710736453,0.0,0.0,0.0,643.6343089587377
33,2021-08-05,709.1965942418154,-15.439990323798726,1482.261075428517,690.5925014696132,727.0385051664348,-5.132621868670252,-5.132621868670252,-5.132621868670252,-4.6346852247394095,-4.6346852247394095,-4.6346852247394095,-0.49793664393083953,-0.49793664393083953,-0.49793664393083953,0.0,0.0,0.0,704.0639723731451
34,2021-08-06,710.6668226440314,-59.571445230306196,1361.7520216286146,691.5841965592793,728.9906673389773,-18.735118376466406,-18.735118376466406,-18.735118376466406,-23.069250390541242,-23.069250390541242,-23.069250390541242,4.334132014074834,4.334132014074834,4.334132014074834,0.0,0.0,0.0,691.931704267565
35,2021-08-07,712.1370510462472,53.90776137079774,1513.5747430980064,692.137174919881,731.0438520280888,82.18970765746879,82.18970765746879,82.18970765746879,73.42368841364144,73.42368841364144,73.42368841364144,8.766019243827362,8.766019243827362,8.766019243827362,0.0,0.0,0.0,794.326758703716
36,2021-08-08,713.6072794484635,42.47677649753182,1533.6425085694739,692.8953741237011,733.034794734672,86.17202387450219,86.17202387450219,86.17202387450219,73.36118910179862,73.36118910179862,73.36118910179862,12.810834772703569,12.810834772703569,12.810834772703569,0.0,0.0,0.0,799.7793033229657
37,2021-08-09,715.0775078506795,-16.089787926864588,1462.4659110213106,693.6897212536435,735.0193866554628,-5.766067869029417,-5.766067869029417,-5.766067869029417,-22.252942538076812,-22.252942538076812,-22.252942538076812,16.4868746690474,16.4868746690474,16.4868746690474,0.0,0.0,0.0,709.3114399816501
38,2021-08-10,716.5477362528958,-36.032309715035325,1437.0480761375302,694.298493879957,737.0006386402083,-18.656518435456164,-18.656518435456164,-18.656518435456164,-38.47269219205648,-38.47269219205648,-38.47269219205648,19.816173756600303,19.816173756600303,19.816173756600303,0.0,0.0,0.0,697.8912178174396
39,2021-08-11,718.0179646551118,-86.28036640490431,1446.2453924222225,694.6671024608664,738.9887777298097,-35.532283433275616,-35.532283433275616,-35.532283433275616,-58.35530717008284,-58.35530717008284,-58.35530717008284,22.823023736807222,22.823023736807222,22.823023736807222,0.0,0.0,0.0,682.4856812218361
40,2021-08-12,719.4881930573281,3.6023486490594876,1501.2587374787904,695.1217245378963,741.5735839456285,20.897824491212386,20.897824491212386,20.897824491212386,-4.634685224749299,-4.634685224749299,-4.634685224749299,25.532509715961684,25.532509715961684,25.532509715961684,0.0,0.0,0.0,740.3860175485405
41,2021-08-13,720.9584214595442,-82.29510275212826,1469.1023208479305,696.1702863267469,743.9541907008887,4.899865578189434,4.899865578189434,4.899865578189434,-23.06925039047657,-23.06925039047657,-23.06925039047657,27.969115968666003,27.969115968666003,27.969115968666003,0.0,0.0,0.0,725.8582870377336
42,2021-08-14,722.4286498617598,57.408983149945286,1597.0689505452237,696.6989417101177,746.3910508898769,103.57913672203301,103.57913672203301,103.57913672203301,73.42368841380697,73.42368841380697,73.42368841380697,30.155448308226035,30.155448308226035,30.155448308226035,0.0,0.0,0.0,826.0077865837928
43,2021-08-15,723.8988782639761,60.73906850309807,1610.7376767013602,697.6525176867747,748.8326249046517,105.47230461045164,105.47230461045164,105.47230461045164,73.36118910217961,73.36118910217961,73.36118910217961,32.11111550827204,32.11111550827204,32.11111550827204,0.0,0.0,0.0,829.3711828744277
44,2021-08-16,725.3691066661921,11.655445761693652,1510.6848337276704,698.5871597450791,751.4380807097061,11.598863464688614,11.598863464688614,11.598863464688614,-22.252942538024694,-22.252942538024694,-22.252942538024694,33.85180600271331,33.85180600271331,33.85180600271331,0.0,0.0,0.0,736.9679701308808
45,2021-08-17,726.8393350684084,2.537869939886189,1446.532842245085,699.229255745957,753.9152337515801,-3.0841033994509734,-3.0841033994509734,-3.0841033994509734,-38.472692192033016,-38.472692192033016,-38.472692192033016,35.388588792582034,35.388588792582034,35.388588792582034,0.0,0.0,0.0,723.7552316689574
46,2021-08-18,728.3095634706244,-43.377608799403816,1488.6701167344693,699.6444114052008,756.1802814698726,-21.627847815536594,-21.627847815536594,-21.627847815536594,-58.35530717016861,-58.35530717016861,-58.35530717016861,36.72745935463202,36.72745935463202,36.72745935463202,0.0,0.0,0.0,706.6817156550878
47,2021-08-19,729.7797918728409,-10.751697401673345,1532.240477830143,700.2861328151079,758.4458304967884,33.234457416208016,33.234457416208016,33.234457416208016,-4.63468522475919,-4.63468522475919,-4.63468522475919,37.86914264096721,37.86914264096721,37.86914264096721,0.0,0.0,0.0,763.0142492890488
48,2021-08-20,731.2500202750565,-10.638226093623624,1519.3905573831587,700.9237877666523,760.4532956279361,15.739905875882537,15.739905875882537,15.739905875882537,-23.0692503905227,-23.0692503905227,-23.0692503905227,38.80915626640524,38.80915626640524,38.80915626640524,0.0,0.0,0.0,746.989926150939
49,2021-08-21,732.7202486772728,46.58390753430655,1599.370149452713,701.3890525468253,762.8552299727177,112.96181640087516,112.96181640087516,112.96181640087516,73.42368841341221,73.42368841341221,73.42368841341221,39.53812798746296,39.53812798746296,39.53812798746296,0.0,0.0,0.0,845.682065078148
50,2021-08-22,734.1904770794888,155.37506479570507,1516.7374381841473,702.3623564846644,765.0299180229699,113.40354197198008,113.40354197198008,113.40354197198008,73.36118910201002,73.36118910201002,73.36118910201002,40.04235286997006,40.04235286997006,40.04235286997006,0.0,0.0,0.0,847.5940190514689
51,2021-08-23,735.6607054817048,24.664251078450885,1544.3990926956399,703.3356604225033,767.3143702944394,18.05162485749773,18.05162485749773,18.05162485749773,-22.25294253827392,-22.25294253827392,-22.25294253827392,40.30456739577165,40.30456739577165,40.30456739577165,0.0,0.0,0.0,753.7123303392025
52,2021-08-24,737.1309338839211,74.83425468164964,1505.8060322667131,703.9845331887234,769.4540526730996,1.8322182364902921,1.8322182364902921,1.8322182364902921,-38.47269219200955,-38.47269219200955,-38.47269219200955,40.304910428499845,40.304910428499845,40.304910428499845,0.0,0.0,0.0,738.9631521204115
53,2021-08-25,738.6011622861372,10.440583956192844,1430.2904674319404,704.8925771649093,771.9188113957523,-18.333272500951786,-18.333272500951786,-18.333272500951786,-58.35530717012651,-58.35530717012651,-58.35530717012651,40.022034669174715,40.022034669174715,40.022034669174715,0.0,0.0,0.0,720.2678897851854
54,2021-08-26,740.0713906883535,8.976174052456786,1503.489323027264,705.7421996443062,774.2692179859637,34.799641955577464,34.799641955577464,34.799641955577464,-4.63468522476945,-4.63468522476945,-4.63468522476945,39.43432718034692,39.43432718034692,39.43432718034692,0.0,0.0,0.0,774.871032643931
55,2021-08-27,741.5416190905692,11.839799286155005,1494.1475045267998,705.8632328945557,776.5613422351831,15.451943501941386,15.451943501941386,15.451943501941386,-23.069250390568826,-23.069250390568826,-23.069250390568826,38.52119389251021,38.52119389251021,38.52119389251021,0.0,0.0,0.0,756.9935625925106
56,2021-08-28,743.0118474927855,79.94152348710978,1570.063612078175,706.2769610753776,778.8534664844034,110.68804925304525,110.68804925304525,110.68804925304525,73.42368841357774,73.42368841357774,73.42368841357774,37.264360839467514,37.264360839467514,37.264360839467514,0.0,0.0,0.0,853.6998967458308
57,2021-08-29,744.4820758950015,154.61575367392618,1619.9671604870443,707.2498457877689,781.1455907336228,109.01033336168473,109.01033336168473,109.01033336168473,73.36118910201057,73.36118910201057,73.36118910201057,35.64914425967417,35.64914425967417,35.64914425967417,0.0,0.0,0.0,853.4924092566862
58,2021-09-01,748.8927611016499,-26.214103565440066,1507.7479288560037,709.6577922637771,788.7718382419501,-29.770962640460112,-29.770962640460112,-29.770962640460112,-58.355307170148336,-58.355307170148336,-58.355307170148336,28.584344529688224,28.584344529688224,28.584344529688224,0.0,0.0,0.0,719.1217984611898
59,2021-09-02,750.3629895038662,16.46518712154846,1577.7039769158193,710.1315274699654,791.0735020246375,20.86474780566556,20.86474780566556,20.86474780566556,-4.634685224735601,-4.634685224735601,-4.634685224735601,25.49943303040116,25.49943303040116,25.49943303040116,0.0,0.0,0.0,771.2277373095317
60,2021-09-03,751.8332179060818,-22.39351779961844,1508.480983704269,710.6728139838532,793.5953509833635,-0.996053713404971,-0.996053713404971,-0.996053713404971,-23.069250390393353,-23.069250390393353,-23.069250390393353,22.073196676988385,22.073196676988385,22.073196676988385,0.0,0.0,0.0,750.8371641926768
61,2021-09-04,753.3034463082981,98.36559078002094,1563.015704341995,711.3006395235989,795.6849396344442,91.7556303932686,91.7556303932686,91.7556303932686,73.42368841358736,73.42368841358736,73.42368841358736,18.331941979681247,18.331941979681247,18.331941979681247,0.0,0.0,0.0,845.0590767015667
62,2021-09-05,754.7736747105141,92.63795449840066,1569.2341121950108,711.7868586078681,798.8571679546267,87.67131747589136,87.67131747589136,87.67131747589136,73.36118910201111,73.36118910201111,73.36118910201111,14.31012837388026,14.31012837388026,14.31012837388026,0.0,0.0,0.0,842.4449921864054
63,2021-09-06,756.2439031127304,-10.665090722617979,1490.7513414061455,712.4606848888039,801.419678432431,-12.202870069497024,-12.202870069497024,-12.202870069497024,-22.252942537966486,-22.252942537966486,-22.252942537966486,10.050072468469462,10.050072468469462,10.050072468469462,0.0,0.0,0.0,744.0410330432334
64,2021-09-07,757.7141315149465,-32.696368269156515,1524.1849227581927,713.1791205437424,803.6916576095911,-32.87130313293963,-32.87130313293963,-32.87130313293963,-38.47269219196263,-38.47269219196263,-38.47269219196263,5.601389059022998,5.601389059022998,5.601389059022998,0.0,0.0,0.0,724.8428283820069
65,2021-09-08,759.1843599171625,-70.84366073860481,1417.148822284172,713.6253764159214,805.9441334420435,-57.33512603023213,-57.33512603023213,-57.33512603023213,-58.35530717010623,-58.35530717010623,-58.35530717010623,1.020181139874097,1.020181139874097,1.020181139874097,0.0,0.0,0.0,701.8492338869304
66,2021-09-09,760.6545883193785,35.88418712869811,1580.5449267071494,714.6886560317695,808.1314344318932,-8.266685887118026,-8.266685887118026,-8.266685887118026,-4.634685224789235,-4.634685224789235,-4.634685224789235,-3.6320006623287875,-3.6320006623287875,-3.6320006623287875,0.0,0.0,0.0,752.3879024322605
67,2021-09-10,762.1248167215945,28.111064640924056,1449.7527015109345,715.6360123268003,810.5918386393354,-31.358651639693576,-31.358651639693576,-31.358651639693576,-23.069250390439485,-23.069250390439485,-23.069250390439485,-8.28940124925409,-8.28940124925409,-8.28940124925409,0.0,0.0,0.0,730.7661650819009
68,2021-09-11,763.5950451238108,27.047537548294716,1561.9214549640976,716.3756981161739,813.2776874433791,60.540216287128544,60.540216287128544,60.540216287128544,73.4236884135044,73.4236884135044,73.4236884135044,-12.883472126375855,-12.883472126375855,-12.883472126375855,0.0,0.0,0.0,824.1352614109394
69,2021-09-12,765.0652735260269,42.657852377466085,1565.15071772931,716.8593448452746,815.6205218960531,56.01677900864814,56.01677900864814,56.01677900864814,73.36118910201166,73.36118910201166,73.36118910201166,-17.344410093363518,-17.344410093363518,-17.344410093363518,0.0,0.0,0.0,821.0820525346751
70,2021-09-13,766.5355019282432,-7.728646190477959,1517.2332756871667,716.8857434250078,817.7059117655576,-43.855721421560446,-43.855721421560446,-43.855721421560446,-22.25294253791436,-22.25294253791436,-22.25294253791436,-21.60277888364608,-21.60277888364608,-21.60277888364608,0.0,0.0,0.0,722.6797805066827
71,2021-09-14,768.0057303304592,-69.77114584860091,1482.1155758566952,717.2548664436165,819.8463181446543,-64.06385830187156,-64.06385830187156,-64.06385830187156,-38.47269219204266,-38.47269219204266,-38.47269219204266,-25.591166109828897,-25.591166109828897,-25.591166109828897,0.0,0.0,0.0,703.9418720285876
72,2021-09-15,769.4759587326755,-94.37956607640177,1429.0123687086723,717.7685899628071,822.6163153125233,-87.60113354943606,-87.60113354943606,-87.60113354943606,-58.35530717009608,-58.35530717009608,-58.35530717009608,-29.245826379339984,-29.245826379339984,-29.245826379339984,0.0,0.0,0.0,681.8748251832394
73,2021-09-16,770.9461871348911,-51.83642311303849,1451.147758461357,717.9515884188,825.7049431720117,-37.14294670722528,-37.14294670722528,-37.14294670722528,-4.634685224755376,-4.634685224755376,-4.634685224755376,-32.50826148246989,-32.50826148246989,-32.50826148246989,0.0,0.0,0.0,733.8032404276659
74,2021-09-17,772.4164155371071,-23.51098750644114,1454.0254238906602,719.0957896635472,828.4311564912994,-58.3959405141909,-58.3959405141909,-58.3959405141909,-23.069250390592078,-23.069250390592078,-23.069250390592078,-35.32669012359882,-35.32669012359882,-35.32669012359882,0.0,0.0,0.0,714.0204750229162
75,2021-09-18,773.8866439393234,70.67466373958692,1581.0067690939659,719.4172195686914,830.5488870442218,35.76632569553655,35.76632569553655,35.76632569553655,73.42368841335814,73.42368841335814,73.42368841335814,-37.65736271782157,-37.65736271782157,-37.65736271782157,0.0,0.0,0.0,809.65296963486
76,2021-09-19,775.3568723415395,57.293804298480644,1572.2665996733456,719.5409092085532,833.0250334473985,33.89550788784506,33.89550788784506,33.89550788784506,73.36118910184206,73.36118910184206,73.36118910184206,-39.465681213997,-39.465681213997,-39.465681213997,0.0,0.0,0.0,809.2523802293846
77,2021-09-20,776.8271007437559,17.13528473104803,1466.1463093953219,720.0554462631429,835.2153768737794,-62.98003213408613,-62.98003213408613,-62.98003213408613,-22.252942538163587,-22.252942538163587,-22.252942538163587,-40.727089595922536,-40.727089595922536,-40.727089595922536,0.0,0.0,0.0,713.8470686096697
78,2021-09-21,778.2973291459718,-52.58999336941349,1431.073089732237,720.5755345352081,837.8545940500566,-79.90039966977324,-79.90039966977324,-79.90039966977324,-38.472692192120554,-38.472692192120554,-38.472692192120554,-41.427707477652675,-41.427707477652675,-41.427707477652675,0.0,0.0,0.0,698.3969294761986
79,2021-09-22,779.7675575481882,-30.00280002385113,1413.583192557528,721.095132217008,840.5243868536826,-99.91999400956058,-99.91999400956058,-99.91999400956058,-58.35530717018186,-58.35530717018186,-58.35530717018186,-41.564686839378716,-41.564686839378716,-41.564686839378716,0.0,0.0,0.0,679.8475635386276
80,2021-09-23,781.2377859504038,-20.92050852494104,1459.5409855805422,721.6182816289904,842.7805139730972,-45.78096543380332,-45.78096543380332,-45.78096543380332,-4.634685224765272,-4.634685224765272,-4.634685224765272,-41.14628020903803,-41.14628020903803,-41.14628020903803,0.0,0.0,0.0,735.4568205166005
81,2021-09-24,782.7080143526201,-2.239104335227228,1455.0278191395078,722.1651595580308,845.8595193053769,-63.26086761813006,-63.26086761813006,-63.26086761813006,-23.0692503905274,-23.0692503905274,-23.0692503905274,-40.19161722760265,-40.19161722760265,-40.19161722760265,0.0,0.0,0.0,719.44714673449
82,2021-09-25,784.1782427548362,110.77671917408266,1626.1451025127976,722.7120374870715,847.8013167424406,34.69349313934264,34.69349313934264,34.69349313934264,73.42368841352366,73.42368841352366,73.42368841352366,-38.73019527418102,-38.73019527418102,-38.73019527418102,0.0,0.0,0.0,818.8717358941789
83,2021-09-26,785.6484711570522,60.41557891662308,1529.9127325411662,723.3221585562204,850.8462094609314,36.56009069982024,36.56009069982024,36.56009069982024,73.36118910201276,73.36118910201276,73.36118910201276,-36.80109840219251,-36.80109840219251,-36.80109840219251,0.0,0.0,0.0,822.2085618568724
84,2021-09-27,787.1186995592685,-74.72942075952083,1516.5656094028861,724.0733947944623,853.2264116339835,-56.704909520396946,-56.704909520396946,-56.704909520396946,-22.252942538111466,-22.252942538111466,-22.252942538111466,-34.451966982285484,-34.451966982285484,-34.451966982285484,0.0,0.0,0.0,730.4137900388715
85,2021-09-28,788.5889279614845,-40.127258852286985,1468.1310548048016,724.4531048138098,855.5682525496924,-70.21044010467104,-70.21044010467104,-70.21044010467104,-38.4726921920971,-38.4726921920971,-38.4726921920971,-31.73774791257394,-31.73774791257394,-31.73774791257394,0.0,0.0,0.0,718.3784878568134
86,2021-09-29,790.0591563637008,-22.18509109371383,1441.1455002814876,724.7623760634585,858.1721351516757,-87.07456897793445,-87.07456897793445,-87.07456897793445,-58.35530717017173,-58.35530717017173,-58.35530717017173,-28.719261807762727,-28.719261807762727,-28.719261807762727,0.0,0.0,0.0,702.9845873857664
87,2021-10-01,792.9996131681329,-19.78333263231064,1497.4234537339798,725.1887640786744,862.6306741255536,-45.10185086807738,-45.10185086807738,-45.10185086807738,-23.06925039046273,-23.06925039046273,-23.06925039046273,-22.03260047761465,-22.03260047761465,-22.03260047761465,0.0,0.0,0.0,747.8977623000555
88,2021-10-02,794.4698415703489,99.0041927201794,1582.0343270257176,725.7853576561594,865.0578440948798,54.92284626667588,54.92284626667588,54.92284626667588,73.4236884136892,73.4236884136892,73.4236884136892,-18.500842147013316,-18.500842147013316,-18.500842147013316,0.0,0.0,0.0,849.3926878370247
89,2021-10-03,795.9400699725649,139.88647296435008,1556.1360021238943,726.3099387435635,867.6337208169128,58.426966077383646,58.426966077383646,58.426966077383646,73.36118910205347,73.36118910205347,73.36118910205347,-14.934223024669816,-14.934223024669816,-14.934223024669816,0.0,0.0,0.0,854.3670360499485
90,2021-10-04,797.4102983747812,26.260764498122494,1549.5797899905199,726.4405082976951,869.920213953372,-33.65109900432243,-33.65109900432243,-33.65109900432243,-22.252942538210014,-22.252942538210014,-22.252942538210014,-11.398156466112411,-11.398156466112411,-11.398156466112411,0.0,0.0,0.0,763.7591993704588
91,2021-10-05,798.8805267769972,-30.37219531121042,1488.7567506630987,726.528971043033,872.0942856098684,-46.42673489607058,-46.42673489607058,-46.42673489607058,-38.47269219207364,-38.47269219207364,-38.47269219207364,-7.954042703996941,-7.954042703996941,-7.954042703996941,0.0,0.0,0.0,752.4537918809266
92,2021-10-06,800.3507551792131,-27.75695303220114,1435.8010826529683,726.4819787303267,874.4871724843165,-63.01316437319947,-63.01316437319947,-63.01316437319947,-58.35530717012961,-58.35530717012961,-58.35530717012961,-4.657857203069859,-4.657857203069859,-4.657857203069859,0.0,0.0,0.0,737.3375908060136
93,2021-10-07,801.8209835814292,39.51115256496891,1508.8926164097948,726.7423982072853,876.9406082400766,-6.193610062347596,-6.193610062347596,-6.193610062347596,-4.634685224785052,-4.634685224785052,-4.634685224785052,-1.5589248375625404,-1.5589248375625404,-1.5589248375625404,0.0,0.0,0.0,795.6273735190816
94,2021-10-08,803.2912119836456,-2.217951538862011,1549.249267280923,727.2931067996976,880.4425419823897,-21.7681644036176,-21.7681644036176,-21.7681644036176,-23.06925039072612,-23.06925039072612,-23.06925039072612,1.3010859871085199,1.3010859871085199,1.3010859871085199,0.0,0.0,0.0,781.523047580028
95,2021-10-09,804.7614403858615,169.44302040954807,1648.288965143229,728.5938689608822,883.1331812848139,77.31261046416414,77.31261046416414,77.31261046416414,73.42368841354292,73.42368841354292,73.42368841354292,3.888922050621213,3.888922050621213,3.888922050621213,0.0,0.0,0.0,882.0740508500256
96,2021-10-10,806.2316687880779,149.28760840666044,1640.7846328461676,728.5992048513504,885.856110829454,79.54142648824362,79.54142648824362,79.54142648824362,73.36118910205401,73.36118910205401,73.36118910205401,6.180237386189618,6.180237386189618,6.180237386189618,0.0,0.0,0.0,885.7730952763214
97,2021-10-11,807.7018971902938,73.2148433952072,1564.784425996231,728.9650175847676,888.5737015447562,-14.093135005657448,-14.093135005657448,-14.093135005657448,-22.252942537954702,-22.252942537954702,-22.252942537954702,8.159807532297254,8.159807532297254,8.159807532297254,0.0,0.0,0.0,793.6087621846364
98,2021-10-12,809.1721255925098,64.54417616124816,1556.3862920168351,729.3899065850349,890.9215853945224,-28.65122874803253,-28.65122874803253,-28.65122874803253,-38.47269219205018,-38.47269219205018,-38.47269219205018,9.821463444017649,9.821463444017649,9.821463444017649,0.0,0.0,0.0,780.5208968444773
99,2021-10-13,810.6423539947259,49.218539750701034,1495.1911622170612,729.797863830246,894.1154704483995,-47.18755592506416,-47.18755592506416,-47.18755592506416,-58.35530717015145,-58.35530717015145,-58.35530717015145,11.167751245087285,11.167751245087285,11.167751245087285,0.0,0.0,0.0,763.4547980696617
100,2021-10-14,812.1125823969419,23.48564284559787,1524.1423509453932,730.4300105607009,896.091361250424,7.574647270327763,7.574647270327763,7.574647270327763,-4.634685224751569,-4.634685224751569,-4.634685224751569,12.209332495079336,12.209332495079336,12.209332495079336,0.0,0.0,0.0,819.6872296672697
101,2021-10-15,813.5828107991582,32.98880892433057,1553.7196089313347,731.1525451622728,898.677269779474,-10.105102725767146,-10.105102725767146,-10.105102725767146,-23.069250390550653,-23.069250390550653,-23.069250390550653,12.964147664783502,12.964147664783502,12.964147664783502,0.0,0.0,0.0,803.4777080733911
102,2021-10-16,815.0530392013742,106.02416594968349,1628.2997912356784,731.5215064812585,901.2464364790544,86.88006121988089,86.88006121988089,86.88006121988089,73.42368841370846,73.42368841370846,73.42368841370846,13.456372806172437,13.456372806172437,13.456372806172437,0.0,0.0,0.0,901.9331004212551
103,2021-10-17,816.5232676035905,136.88062209290104,1619.3876521358218,731.8904678002442,903.7867655725195,87.07639484690246,87.07639484690246,87.07639484690246,73.36118910188439,73.36118910188439,73.36118910188439,13.715205745018054,13.715205745018054,13.715205745018054,0.0,0.0,0.0,903.5996624504929
104,2021-10-18,817.9934960058065,48.12454110392025,1559.2627376064627,732.2594291192299,906.6270835331736,-8.479419222767493,-8.479419222767493,-8.479419222767493,-22.252942538053258,-22.252942538053258,-22.252942538053258,13.773523315285763,13.773523315285763,13.773523315285763,0.0,0.0,0.0,809.514076783039
105,2021-10-19,819.4637244080228,21.867466373672038,1549.2685431313766,732.2541983942237,908.9539365777972,-24.80623715889228,-24.80623715889228,-24.80623715889228,-38.47269219213021,-38.47269219213021,-38.47269219213021,13.666455033237929,13.666455033237929,13.666455033237929,0.0,0.0,0.0,794.6574872491306
106,2021-10-20,820.9339528102386,-21.897332607434404,1519.2797683933684,732.3961426861099,911.522326114525,-44.925386117117775,-44.925386117117775,-44.925386117117775,-58.35530717010935,-58.35530717010935,-58.35530717010935,13.429921052991565,13.429921052991565,13.429921052991565,0.0,0.0,0.0,776.0085666931208
107,2021-10-21,822.4041812124545,66.01322810289126,1600.8284202992222,732.7985471876335,913.86394624217,8.464497952352458,8.464497952352458,8.464497952352458,-4.6346852247614585,-4.6346852247614585,-4.6346852247614585,13.09918317711392,13.09918317711392,13.09918317711392,0.0,0.0,0.0,830.868679164807
108,2021-10-22,823.8744096146709,45.95279482543412,1572.2460538655023,732.8821601417585,915.8782745391715,-10.361793305878109,-10.361793305878109,-10.361793305878109,-23.069250390596775,-23.069250390596775,-23.069250390596775,12.707457084718667,12.707457084718667,12.707457084718667,0.0,0.0,0.0,813.5126163087928
109,2021-10-23,825.3446380168868,127.33972872104037,1700.2102128665724,732.3412108910302,918.2327290131916,85.70832021653088,85.70832021653088,85.70832021653088,73.4236884137181,73.4236884137181,73.4236884137181,12.284631802812784,12.284631802812784,12.284631802812784,0.0,0.0,0.0,911.0529582334177
110,2021-10-24,826.8148664191032,215.4600321372836,1646.716082371951,733.9154800160067,921.1226192352033,85.21732795116498,85.21732795116498,85.21732795116498,73.3611891020551,73.3611891020551,73.3611891020551,11.856138849109865,11.856138849109865,11.856138849109865,0.0,0.0,0.0,912.0321943702681
111,2021-10-25,828.2850948213191,10.883849360054251,1548.7850884949003,734.2654370699611,923.4452611915556,-10.81093401124223,-10.81093401124223,-10.81093401124223,-22.252942538001136,-22.252942538001136,-22.252942538001136,11.442008526758908,11.442008526758908,11.442008526758908,0.0,0.0,0.0,817.4741608100769
112,2021-10-26,829.7553232235355,43.72946196730243,1554.1928331411673,734.2854070717765,925.7408256013331,-27.416547486784776,-27.416547486784776,-27.416547486784776,-38.4726921920054,-38.4726921920054,-38.4726921920054,11.05614470522061,11.05614470522061,11.05614470522061,0.0,0.0,0.0,802.3387757367507
113,2021-10-27,831.2255516257512,47.22294240889384,1484.7746876901488,734.1770807453338,928.0749795858949,-47.649464901442855,-47.649464901442855,-47.649464901442855,-58.35530717006723,-58.35530717006723,-58.35530717006723,10.70584226862438,10.70584226862438,10.70584226862438,0.0,0.0,0.0,783.5760867243084
114,2021-10-28,832.6957800279672,92.92531864941894,1582.5616690447882,734.3253470754072,930.6881378155877,5.756878249299115,5.756878249299115,5.756878249299115,-4.634685224771349,-4.634685224771349,-4.634685224771349,10.391563474070468,10.391563474070468,10.391563474070468,0.0,0.0,0.0,838.4526582772663
115,2021-10-29,834.1660084301835,78.85965914667244,1612.0086513847752,734.4975755429252,933.4379208414981,-12.962269404974505,-12.962269404974505,-12.962269404974505,-23.0692503905321,-23.0692503905321,-23.0692503905321,10.106980985557595,10.106980985557595,10.106980985557595,0.0,0.0,0.0,821.2037390252091
116,2021-11-01,838.5766936368319,63.15013337870948,1599.5201454258074,734.4052270826687,941.2968414128875,-12.97839169213588,-12.97839169213588,-12.97839169213588,-22.25294253825036,-22.25294253825036,-22.25294253825036,9.27455084611448,9.27455084611448,9.27455084611448,0.0,0.0,0.0,825.598301944696
117,2021-11-02,840.0469220390479,1.9958815508640448,1573.0206639433525,734.5754681656866,943.7846567948031,-29.546958665927793,-29.546958665927793,-29.546958665927793,-38.47269219208329,-38.47269219208329,-38.47269219208329,8.925733526155494,8.925733526155494,8.925733526155494,0.0,0.0,0.0,810.4999633731201
118,2021-11-03,841.5171504412639,29.94378954888578,1520.8581763250224,734.4558914218527,946.4483913278453,-49.86284830286906,-49.86284830286906,-49.86284830286906,-58.3553071700571,-58.3553071700571,-58.3553071700571,8.492458867188043,8.492458867188043,8.492458867188043,0.0,0.0,0.0,791.6543021383948
119,2021-11-04,842.9873788434802,92.39449184029709,1640.9000342500124,734.5494426161583,949.1509577549433,3.307620636977679,3.307620636977679,3.307620636977679,-4.634685224781614,-4.634685224781614,-4.634685224781614,7.942305861759297,7.942305861759297,7.942305861759297,0.0,0.0,0.0,846.2949994804579
120,2021-11-05,844.4576072456962,58.651241850593614,1557.2399936555248,734.9381842536568,951.8535241820405,-15.826546708903432,-15.826546708903432,-15.826546708903432,-23.069250390578237,-23.069250390578237,-23.069250390578237,7.242703681674803,7.242703681674803,7.242703681674803,0.0,0.0,0.0,828.6310605367928
121,2021-11-06,845.9278356479122,157.47290557896903,1641.480952115002,734.9412662845227,954.5560906091378,79.7860931036054,79.7860931036054,79.7860931036054,73.42368841348885,73.42368841348885,73.42368841348885,6.362404690116556,6.362404690116556,6.362404690116556,0.0,0.0,0.0,925.7139287515175
122,2021-11-07,847.3980640501285,134.08396441402212,1633.0949279632905,735.428935999413,957.4016944686663,78.63414369887494,78.63414369887494,78.63414369887494,73.36118910171592,73.36118910171592,73.36118910171592,5.272954597159015,5.272954597159015,5.272954597159015,0.0,0.0,0.0,926.0322077490034
123,2021-11-08,848.8682924523446,66.0948090216419,1565.4666121277078,736.3132681898514,959.9358293582129,-18.3028330035766,-18.3028330035766,-18.3028330035766,-22.25294253819824,-22.25294253819824,-22.25294253819824,3.950109534621641,3.950109534621641,3.950109534621641,0.0,0.0,0.0,830.565459448768
124,2021-11-09,850.3385208545606,75.71576994525564,1570.7713406304442,736.69458386472,962.978702813524,-36.09754121003589,-36.09754121003589,-36.09754121003589,-38.47269219205983,-38.47269219205983,-38.47269219205983,2.3751509820239303,2.3751509820239303,2.3751509820239303,0.0,0.0,0.0,814.2409796445247
125,2021-11-10,851.8087492567765,-36.099411283840226,1525.9234452578542,737.9946117065539,966.0240980973381,-57.819254969487595,-57.819254969487595,-57.819254969487595,-58.35530717014288,-58.35530717014288,-58.35530717014288,0.5360522006552797,0.5360522006552797,0.5360522006552797,0.0,0.0,0.0,793.989494287289
126,2021-11-11,853.2789776589929,4.01883638501868,1618.1060937113307,738.9040828876997,968.730644452917,-6.206231173250517,-6.206231173250517,-6.206231173250517,-4.63468522474776,-4.63468522474776,-4.63468522474776,-1.5715459485027568,-1.5715459485027568,-1.5715459485027568,0.0,0.0,0.0,847.0727464857423
127,2021-11-12,854.7492060612088,7.4727206430681195,1570.853647229337,739.8675013946167,971.2345953869573,-27.0128367247025,-27.0128367247025,-27.0128367247025,-23.069250390402765,-23.069250390402765,-23.069250390402765,-3.9435863342997366,-3.9435863342997366,-3.9435863342997366,0.0,0.0,0.0,827.7363693365063
128,2021-11-13,856.2194344634252,116.68594776888372,1653.6680186012686,740.6393906938075,974.0255680341443,66.85658465053564,66.85658465053564,66.85658465053564,73.42368841365438,73.42368841365438,73.42368841365438,-6.567103763118734,-6.567103763118734,-6.567103763118734,0.0,0.0,0.0,923.0760191139608
129,2021-11-14,857.6896628656413,126.32019953052185,1692.6564956005475,740.5643045465364,976.8702656876835,63.94117711373969,63.94117711373969,63.94117711373969,73.3611891020969,73.3611891020969,73.3611891020969,-9.420011988357205,-9.420011988357205,-9.420011988357205,0.0,0.0,0.0,921.630839979381
130,2021-11-15,859.1598912678569,57.8671228538701,1561.814516515429,741.473282633777,979.3642216303401,-34.72412540583191,-34.72412540583191,-34.72412540583191,-22.252942537942925,-22.252942537942925,-22.252942537942925,-12.471182867888995,-12.471182867888995,-12.471182867888995,0.0,0.0,0.0,824.4357658620249
131,2021-11-16,860.6301196700732,85.52199116955215,1546.0026479460973,742.3822607210178,982.3227386688076,-54.153514120832064,-54.153514120832064,-54.153514120832064,-38.47269219203638,-38.47269219203638,-38.47269219203638,-15.680821928795691,-15.680821928795691,-15.680821928795691,0.0,0.0,0.0,806.4766055492412
132,2021-11-17,862.1003480722892,57.62613943162467,1537.9236913841949,743.2912388082582,985.0628008463889,-77.3564424493008,-77.3564424493008,-77.3564424493008,-58.35530717013273,-58.35530717013273,-58.35530717013273,-19.00113527916806,-19.00113527916806,-19.00113527916806,0.0,0.0,0.0,784.7439056229884
133,2021-11-18,863.5705764745055,85.95139771637052,1581.1461370167765,743.989153275624,987.9513500149153,-27.011958768126732,-27.011958768126732,-27.011958768126732,-4.63468522480139,-4.63468522480139,-4.63468522480139,-22.377273543325334,-22.377273543325334,-22.377273543325334,0.0,0.0,0.0,836.5586177063788
134,2021-11-19,865.0408048767215,35.724754043826344,1521.811926444236,744.7134464007602,991.0430737068592,-48.81777996585681,-48.81777996585681,-48.81777996585681,-23.069250390448893,-23.069250390448893,-23.069250390448893,-25.748529575407918,-25.748529575407918,-25.748529575407918,0.0,0.0,0.0,816.2230249108646
135,2021-11-20,866.5110332789379,173.56708056052702,1651.3211837086287,745.2124122021252,993.7297020003665,44.37393000665296,44.37393000665296,44.37393000665296,73.42368841366401,73.42368841366401,73.42368841366401,-29.04975840701105,-29.04975840701105,-29.04975840701105,0.0,0.0,0.0,910.8849632855909
136,2021-11-21,867.9812616811539,111.60980410134319,1632.4072598297732,746.4354489093828,996.9625526228739,41.148208633911786,41.148208633911786,41.148208633911786,73.3611891019273,73.3611891019273,73.3611891019273,-32.212980468015516,-32.212980468015516,-32.212980468015516,0.0,0.0,0.0,909.1294703150656
137,2021-11-22,869.4514900833695,86.9265420754331,1559.672803252753,747.1227223529914,999.983560373152,-57.42206536118604,-57.42206536118604,-57.42206536118604,-22.252942537890803,-22.252942537890803,-22.252942537890803,-35.16912282329525,-35.16912282329525,-35.16912282329525,0.0,0.0,0.0,812.0294247221835
138,2021-11-23,870.9217184855859,36.873427051719744,1579.3096721364054,747.8099957966004,1002.9843472344375,-76.32254038809327,-76.32254038809327,-76.32254038809327,-38.47269219201291,-38.47269219201291,-38.47269219201291,-37.849848196080366,-37.849848196080366,-37.849848196080366,0.0,0.0,0.0,794.5991780974925
139,2021-11-24,872.3919468878019,49.67399910694136,1552.121490462539,748.497269240209,1005.4432261229629,-98.54472523372898,-98.54472523372898,-98.54472523372898,-58.35530717009063,-58.35530717009063,-58.35530717009063,-40.18941806363834,-40.18941806363834,-40.18941806363834,0.0,0.0,0.0,773.8472216540729
140,2021-11-25,873.8621752900182,99.97471812206118,1567.3518921863088,749.2267959478036,1008.1682662920471,-46.761219462579795,-46.761219462579795,-46.761219462579795,-4.634685224767535,-4.634685224767535,-4.634685224767535,-42.12653423781226,-42.12653423781226,-42.12653423781226,0.0,0.0,0.0,827.1009558274384
141,2021-11-26,875.3324036922343,105.49533318089843,1558.7282494352712,750.0084071712052,1010.9065345149913,-66.67535353943205,-66.67535353943205,-66.67535353943205,-23.069250390601486,-23.069250390601486,-23.069250390601486,-43.60610314883058,-43.60610314883058,-43.60610314883058,0.0,0.0,0.0,808.6570501528022
142,2021-11-27,876.8026320944506,138.91152985141173,1621.6630993734434,750.6643989679501,1014.2300991789552,28.84281985192591,28.84281985192591,28.84281985192591,73.42368841367364,73.42368841367364,73.42368841367364,-44.580868561747735,-44.580868561747735,-44.580868561747735,0.0,0.0,0.0,905.6454519463765
143,2021-11-28,878.2728604966666,123.83382596829588,1716.690740427532,750.7357298610214,1017.4114457936272,28.34832746433834,28.34832746433834,28.34832746433834,73.36118910192783,73.36118910192783,73.36118910192783,-45.0128616375895,-45.0128616375895,-45.0128616375895,0.0,0.0,0.0,906.6211879610049
144,2021-11-29,879.7430888988825,56.58644718270753,1596.3347797485724,750.6804728695191,1020.3187921161652,-67.12756456394034,-67.12756456394034,-67.12756456394034,-22.252942538140026,-22.252942538140026,-22.252942538140026,-44.87462202580031,-44.87462202580031,-44.87462202580031,0.0,0.0,0.0,812.6155243349422
145,2021-12-01,882.6835457033146,14.252711696496155,1616.5956710807395,750.3845574847277,1025.7956175004572,-101.19086361893062,-101.19086361893062,-101.19086361893062,-58.35530717020839,-58.35530717020839,-58.35530717020839,-42.83555644872225,-42.83555644872225,-42.83555644872225,0.0,0.0,0.0,781.492682084384
146,2021-12-02,884.1537741055309,66.24306285193401,1590.5901435293652,750.6985044059818,1028.50358420881,-45.57407386764186,-45.57407386764186,-45.57407386764186,-4.634685224733687,-4.634685224733687,-4.634685224733687,-40.93938864290818,-40.93938864290818,-40.93938864290818,0.0,0.0,0.0,838.579700237889
147,2021-12-03,885.6240025077469,28.808715997379917,1594.709160753303,750.0644888697973,1031.2115509171626,-61.55186445638702,-61.55186445638702,-61.55186445638702,-23.069250390536816,-23.069250390536816,-23.069250390536816,-38.48261406585021,-38.48261406585021,-38.48261406585021,0.0,0.0,0.0,824.0721380513598
148,2021-12-04,887.0942309099632,214.62313112935448,1678.956925601285,749.7869575376264,1033.909528424447,37.92542757174132,37.92542757174132,37.92542757174132,73.42368841368328,73.42368841368328,73.42368841368328,-35.498260841941956,-35.498260841941956,-35.498260841941956,0.0,0.0,0.0,925.0196584817046
149,2021-12-05,888.5644593121792,147.7895422759881,1741.8576267172596,749.5374821865365,1036.5738181155502,41.330470651322706,41.330470651322706,41.330470651322706,73.36118910192839,73.36118910192839,73.36118910192839,-32.03071845060568,-32.03071845060568,-32.03071845060568,0.0,0.0,0.0,929.8949299635019
150,2021-12-06,890.0346877143952,3.4251872892478685,1601.5910754559206,749.1227452854761,1039.3289265616527,-50.387657602658315,-50.387657602658315,-50.387657602658315,-22.252942538087908,-22.252942538087908,-22.252942538087908,-28.134715064570393,-28.134715064570393,-28.134715064570393,0.0,0.0,0.0,839.6470301117369
151,2021-12-07,891.5049161166112,2.582613006728088,1621.8815420511737,749.2017258401482,1042.2208791477453,-62.34668908865762,-62.34668908865762,-62.34668908865762,-38.47269219196812,-38.47269219196812,-38.47269219196812,-23.873996896689505,-23.873996896689505,-23.873996896689505,0.0,0.0,0.0,829.1582270279536
152,2021-12-08,892.9751445188273,-3.544428654975802,1596.582820589966,749.3494945662803,1045.1437440687298,-77.67505130114192,-77.67505130114192,-77.67505130114192,-58.355307170166256,-58.355307170166256,-58.355307170166256,-19.319744130975664,-19.319744130975664,-19.319744130975664,0.0,0.0,0.0,815.3000932176853
153,2021-12-09,894.4453729210436,84.49024599420713,1621.8570486174783,749.1431393333644,1047.9711998421217,-19.183451395049325,-19.183451395049325,-19.183451395049325,-4.634685224743572,-4.634685224743572,-4.634685224743572,-14.548766170305749,-14.548766170305749,-14.548766170305749,0.0,0.0,0.0,875.2619215259942
154,2021-12-10,895.9156013232596,102.09092572670338,1652.4250334492426,749.502435258848,1050.7986556155126,-32.7107762852404,-32.7107762852404,-32.7107762852404,-23.069250390472135,-23.069250390472135,-23.069250390472135,-9.641525894768257,-9.641525894768257,-9.641525894768257,0.0,0.0,0.0,863.2048250380192
155,2021-12-11,897.3858297254759,186.22359619323785,1718.288870129513,749.6982705612052,1053.4181858787936,68.74364024633833,68.74364024633833,68.74364024633833,73.42368841360033,73.42368841360033,73.42368841360033,-4.680048167262003,-4.680048167262003,-4.680048167262003,0.0,0.0,0.0,966.1294699718143
156,2021-12-12,898.8560581276915,262.82179964567086,1778.996854949473,748.9613995409588,1056.5258242651971,73.61541732876223,73.61541732876223,73.61541732876223,73.36118910213922,73.36118910213922,73.36118910213922,0.2542282266229994,0.2542282266229994,0.2542282266229994,0.0,0.0,0.0,972.4714754564537
157,2021-12-13,900.3262865299079,129.9145837495338,1665.8302454026937,748.7478166310709,1059.4768984466548,-17.170348741894898,-17.170348741894898,-17.170348741894898,-22.252942538035786,-22.252942538035786,-22.252942538035786,5.082593796140889,5.082593796140889,5.082593796140889,0.0,0.0,0.0,883.1559377880129
158,2021-12-14,901.796514932124,185.15950951752976,1599.2111450401303,749.1798757098734,1063.2082962399897,-28.741547295925745,-28.741547295925745,-28.741547295925745,-38.472692192046026,-38.472692192046026,-38.472692192046026,9.73114489612028,9.73114489612028,9.73114489612028,0.0,0.0,0.0,873.0549676361982
159,2021-12-15,903.2667433343403,41.227531446462294,1600.2378202270418,750.9937556427204,1067.649135332299,-44.22257396227514,-44.22257396227514,-44.22257396227514,-58.35530717015613,-58.35530717015613,-58.35530717015613,14.132733207880992,14.132733207880992,14.132733207880992,0.0,0.0,0.0,859.0441693720651
160,2021-12-16,904.7369717365563,166.5832524995547,1725.9237892614924,752.0122922046525,1071.4226653168428,13.59404574925075,13.59404574925075,13.59404574925075,-4.634685224753468,-4.634685224753468,-4.634685224753468,18.22873097400422,18.22873097400422,18.22873097400422,0.0,0.0,0.0,918.331017485807
161,2021-12-17,906.2072001387722,142.7138154485435,1691.8669725256418,751.8174232685622,1073.2978570185635,-1.0986906263150475,-1.0986906263150475,-1.0986906263150475,-23.069250390518263,-23.069250390518263,-23.069250390518263,21.970559764203216,21.970559764203216,21.970559764203216,0.0,0.0,0.0,905.1085095124572
162,2021-12-18,907.6774285409886,254.32601762187102,1781.9003075044361,751.4492012937521,1074.1544327563738,98.74462550785323,98.74462550785323,98.74462550785323,73.42368841345403,73.42368841345403,73.42368841345403,25.320937094399174,25.320937094399174,25.320937094399174,0.0,0.0,0.0,1006.4220540488418
163,2021-12-19,909.1476569432042,247.63413313748,1760.6951447323024,751.0325409187185,1076.9895997908209,101.61599227537275,101.61599227537275,101.61599227537275,73.36118910196964,73.36118910196964,73.36118910196964,28.254803173403115,28.254803173403115,28.254803173403115,0.0,0.0,0.0,1010.7636492185769
164,2021-12-20,910.6178853454205,137.0173205770717,1698.285390652749,750.2694511074532,1079.841755420775,8.506956649593786,8.506956649593786,8.506956649593786,-22.25294253828501,-22.25294253828501,-22.25294253828501,30.759899187878794,30.759899187878794,30.759899187878794,0.0,0.0,0.0,919.1248419950143
165,2021-12-21,912.0881137476366,156.68534796352913,1674.2626010805764,749.5864695021686,1083.5638357527223,-5.635713602046543,-5.635713602046543,-5.635713602046543,-38.47269219202257,-38.47269219202257,-38.47269219202257,32.83697858997601,32.83697858997601,32.83697858997601,0.0,0.0,0.0,906.4524001455901
166,2021-12-22,913.5583421498529,156.1319144605453,1673.9850918310947,749.0978056276696,1087.431409411618,-23.855663637251748,-23.855663637251748,-23.855663637251748,-58.355307170146,-58.355307170146,-58.355307170146,34.49964353289425,34.49964353289425,34.49964353289425,0.0,0.0,0.0,889.7026785126012
167,2021-12-23,915.0285705520689,176.95626606127692,1725.6738429930385,748.6253332367295,1091.239555853547,31.13912436824028,31.13912436824028,31.13912436824028,-4.634685224763728,-4.634685224763728,-4.634685224763728,35.77380959300401,35.77380959300401,35.77380959300401,0.0,0.0,0.0,946.1676949203091
168,2021-12-24,916.4987989542852,106.4887180475781,1752.510074907299,749.1235958512932,1094.7819635431126,13.62756250747031,13.62756250747031,13.62756250747031,-23.0692503903428,-23.0692503903428,-23.0692503903428,36.69681289781311,36.69681289781311,36.69681289781311,0.0,0.0,0.0,930.1263614617556
169,2021-12-25,917.9690273565012,262.1095356813272,1811.1319364850497,749.4640301887165,1099.102500040052,110.73987283451534,110.73987283451534,110.73987283451534,73.42368841361957,73.42368841361957,73.42368841361957,37.31618442089575,37.31618442089575,37.31618442089575,0.0,0.0,0.0,1028.7089001910165
170,2021-12-26,919.439255758717,275.28680669202026,1800.0404160846037,750.0600396433259,1101.9366477795702,111.04931528922774,111.04931528922774,111.04931528922774,73.36118910197018,73.36118910197018,73.36118910197018,37.688126187257566,37.688126187257566,37.688126187257566,0.0,0.0,0.0,1030.4885710479448
171,2021-12-27,920.9094841609333,132.75968848435264,1756.9310589370707,750.6601311921377,1105.1889715917168,15.622790616475589,15.622790616475589,15.622790616475589,-22.252942538232887,-22.252942538232887,-22.252942538232887,37.87573315470848,37.87573315470848,37.87573315470848,0.0,0.0,0.0,936.5322747774089
172,2021-12-28,922.3797125631493,141.54791827343217,1654.2613419327233,751.3669123343531,1108.6558121753183,-0.5256798693680734,-0.5256798693680734,-0.5256798693680734,-38.47269219210256,-38.47269219210256,-38.47269219210256,37.9470123227345,37.9470123227345,37.9470123227345,0.0,0.0,0.0,921.8540326937812
173,2021-12-29,923.8499409653656,182.0416608161719,1717.4881345452684,751.9506155825609,1111.6393560878957,-20.38255024090325,-20.38255024090325,-20.38255024090325,-58.355307170135845,-58.355307170135845,-58.355307170135845,37.9727569292326,37.9727569292326,37.9727569292326,0.0,0.0,0.0,903.4673907244623
